<application>
  <component name="FileTypeManager" version="18">
    <ignoreFiles list="*$py.class;*.egg-info;*.pyc;*.pyo;*.rbc;*.yarb;*~;.DS_Store;.git;.hg;.svn;CVS;__pycache__;_svn;build;dist;vssver.scc;vssver2.scc" />
    <extensionMap>
      <mapping pattern="flyway" type="AUTO_DETECTED" />
      <removed_mapping ext="dockerignore" approved="true" type="DockerIgnore file" />
      <removed_mapping ext="env" approved="true" type="PLAIN_TEXT" />
      <removed_mapping ext="env" approved="true" type="Shell Script" />
      <removed_mapping ext="ignore" approved="true" type="IgnoreLang file" />
      <removed_mapping ext="pdf" approved="true" type="Native" />
      <removed_mapping ext="txt" approved="true" type="PLAIN_TEXT" />
    </extensionMap>
  </component>
</application>