<profile version="1.0">
  <option name="myName" value="Default" />
  <inspection_tool class="DuplicatedCode" enabled="true" level="WEAK WARNING" enabled_by_default="true">
    <Languages>
      <language minSize="239" name="Python" />
    </Languages>
  </inspection_tool>
  <inspection_tool class="ES6UnusedImports" enabled="true" level="ERROR" enabled_by_default="true" />
  <inspection_tool class="Eslint" enabled="true" level="WARNING" enabled_by_default="true" />
  <inspection_tool class="PyArgumentEqualDefaultInspection" enabled="true" level="WEAK WARNING" enabled_by_default="true" />
  <inspection_tool class="PyAugmentAssignmentInspection" enabled="true" level="WEAK WARNING" enabled_by_default="true" />
  <inspection_tool class="PyMissingOrEmptyDocstringInspection" enabled="true" level="WEAK WARNING" enabled_by_default="true" />
  <inspection_tool class="PyMissingTypeHintsInspection" enabled="true" level="WEAK WARNING" enabled_by_default="true" />
  <inspection_tool class="PyPackageRequirementsInspection" enabled="true" level="WARNING" enabled_by_default="true">
    <option name="ignoredPackages">
      <value>
        <list size="55">
          <item index="0" class="java.lang.String" itemvalue="pandas" />
          <item index="1" class="java.lang.String" itemvalue="fastapi" />
          <item index="2" class="java.lang.String" itemvalue="pydantic" />
          <item index="3" class="java.lang.String" itemvalue="boto3" />
          <item index="4" class="java.lang.String" itemvalue="alembic" />
          <item index="5" class="java.lang.String" itemvalue="psycopg2" />
          <item index="6" class="java.lang.String" itemvalue="lxml" />
          <item index="7" class="java.lang.String" itemvalue="uvicorn" />
          <item index="8" class="java.lang.String" itemvalue="sqlalchemy" />
          <item index="9" class="java.lang.String" itemvalue="openpyxl" />
          <item index="10" class="java.lang.String" itemvalue="s3transfer" />
          <item index="11" class="java.lang.String" itemvalue="botocore" />
          <item index="12" class="java.lang.String" itemvalue="python-dateutil" />
          <item index="13" class="java.lang.String" itemvalue="typing_extensions" />
          <item index="14" class="java.lang.String" itemvalue="numpy" />
          <item index="15" class="java.lang.String" itemvalue="urllib3" />
          <item index="16" class="java.lang.String" itemvalue="httptools" />
          <item index="17" class="java.lang.String" itemvalue="modin" />
          <item index="18" class="java.lang.String" itemvalue="pyvips" />
          <item index="19" class="java.lang.String" itemvalue="opencv-python" />
          <item index="20" class="java.lang.String" itemvalue="matplotlib" />
          <item index="21" class="java.lang.String" itemvalue="google-cloud-storage" />
          <item index="22" class="java.lang.String" itemvalue="psutil" />
          <item index="23" class="java.lang.String" itemvalue="watchfiles" />
          <item index="24" class="java.lang.String" itemvalue="greenlet" />
          <item index="25" class="java.lang.String" itemvalue="six" />
          <item index="26" class="java.lang.String" itemvalue="PyYAML" />
          <item index="27" class="java.lang.String" itemvalue="SQLAlchemy" />
          <item index="28" class="java.lang.String" itemvalue="python-dotenv" />
          <item index="29" class="java.lang.String" itemvalue="h11" />
          <item index="30" class="java.lang.String" itemvalue="et-xmlfile" />
          <item index="31" class="java.lang.String" itemvalue="MarkupSafe" />
          <item index="32" class="java.lang.String" itemvalue="gunicorn" />
          <item index="33" class="java.lang.String" itemvalue="click" />
          <item index="34" class="java.lang.String" itemvalue="sniffio" />
          <item index="35" class="java.lang.String" itemvalue="jmespath" />
          <item index="36" class="java.lang.String" itemvalue="starlette" />
          <item index="37" class="java.lang.String" itemvalue="anyio" />
          <item index="38" class="java.lang.String" itemvalue="pytz" />
          <item index="39" class="java.lang.String" itemvalue="Mako" />
          <item index="40" class="java.lang.String" itemvalue="uvloop" />
          <item index="41" class="java.lang.String" itemvalue="websockets" />
          <item index="42" class="java.lang.String" itemvalue="idna" />
          <item index="43" class="java.lang.String" itemvalue="st-clickable-images" />
          <item index="44" class="java.lang.String" itemvalue="unidecode" />
          <item index="45" class="java.lang.String" itemvalue="streamlit" />
          <item index="46" class="java.lang.String" itemvalue="torchdata" />
          <item index="47" class="java.lang.String" itemvalue="sklearn" />
          <item index="48" class="java.lang.String" itemvalue="dask" />
          <item index="49" class="java.lang.String" itemvalue="immutables" />
          <item index="50" class="java.lang.String" itemvalue="contextvars" />
          <item index="51" class="java.lang.String" itemvalue="blurhash-python" />
          <item index="52" class="java.lang.String" itemvalue="scipy" />
          <item index="53" class="java.lang.String" itemvalue="torch" />
          <item index="54" class="java.lang.String" itemvalue="ultralytics" />
        </list>
      </value>
    </option>
  </inspection_tool>
  <inspection_tool class="PyPep8Inspection" enabled="true" level="WEAK WARNING" enabled_by_default="true">
    <option name="ignoredErrors">
      <list>
        <option value="E402" />
      </list>
    </option>
  </inspection_tool>
  <inspection_tool class="PyPep8NamingInspection" enabled="true" level="WARNING" enabled_by_default="true">
    <option name="ignoredErrors">
      <list>
        <option value="N806" />
        <option value="N802" />
        <option value="N801" />
      </list>
    </option>
  </inspection_tool>
  <inspection_tool class="PyUnresolvedReferencesInspection" enabled="true" level="WARNING" enabled_by_default="true">
    <option name="ignoredIdentifiers">
      <list>
        <option value="object.*" />
        <option value="slack_sdk.web.slack_response.SlackResponse.*" />
        <option value="loguru.Logger.assert_called" />
      </list>
    </option>
  </inspection_tool>
  <inspection_tool class="SpellCheckingInspection" enabled="false" level="TYPO" enabled_by_default="false">
    <option name="processCode" value="true" />
    <option name="processLiterals" value="true" />
    <option name="processComments" value="true" />
  </inspection_tool>
  <inspection_tool class="SqlInsertValuesInspection" enabled="false" level="WARNING" enabled_by_default="false" />
</profile>