<application>
  <component name="authManager">
    <option name="lastLoginIdcInfo">
      <LastLoginIdcInfo>
        <option name="profileName" value="dataplatform" />
        <option name="region" value="ap-northeast-1" />
        <option name="startUrl" value="https://sagri.awsapps.com/start/#" />
      </LastLoginIdcInfo>
    </option>
  </component>
  <component name="aws">
    <option name="QMigrationNotificationShownOnce" value="true" />
    <option name="autoUpdateFeatureNotificationShownOnce" value="true" />
    <option name="promptedForTelemetry" value="true" />
  </component>
  <component name="gettingStarted">
    <option name="shouldDisplayPage" value="false" />
  </component>
</application>