<application>
  <component name="GraziConfig">
    <option name="enabledLanguages">
      <set>
        <option value="English (US)" />
        <option value="Japanese" />
      </set>
    </option>
    <option name="suppressingContext">
      <SuppressingContext>
        <option name="suppressed">
          <set>
            <option value="query query" />
            <option value="secret secret" />
            <option value="cached data cached data" />
            <option value="data data" />
          </set>
        </option>
      </SuppressingContext>
    </option>
    <option name="detectionContext">
      <State>
        <option name="disabled">
          <set>
            <option value="GALICIAN" />
          </set>
        </option>
      </State>
    </option>
  </component>
</application>