<application>
  <component name="SshConfigs">
    <configs>
      <sshConfig host="100.12.0.129" id="358d775c-3209-45d5-b104-c8160410f0ef" keyPath="$USER_HOME$/.ssh/id_rsa" port="22" nameFormat="DESCRIPTIVE" username="sacha" useOpenSSHConfig="true" />
      <sshConfig authType="OPEN_SSH" host="sakura.ohgod.ai" id="7b165d25-bab5-4f21-b7d0-688f832995da" port="22" nameFormat="DESCRIPTIVE" username="root" useOpenSSHConfig="true" />
      <sshConfig host="sakura.ohgod.ai" id="f0710c4a-e0a5-4cc6-ab83-c3209a82a548" keyPath="$USER_HOME$/.ssh/id_rsa.pub" port="22" nameFormat="DESCRIPTIVE" username="sacha" useOpenSSHConfig="true" />
      <sshConfig authType="OPEN_SSH" connectionConfig="{&quot;serverAliveInterval&quot;:300}" host="sakura" id="0a4ae2a7-50fb-4b16-83af-faa134396296" port="22" nameFormat="DESCRIPTIVE" username="sacha" useOpenSSHConfig="true" />
      <sshConfig connectionConfig="{&quot;serverAliveInterval&quot;:300}" host="sperindev.freeboxos.fr" id="fd1214d7-3610-4c66-a125-c7e75ff09986" keyPath="$USER_HOME$/.ssh/id_rsa" port="22" nameFormat="DESCRIPTIVE" username="sperin" useOpenSSHConfig="true" />
    </configs>
  </component>
</application>