<application>
  <component name="Translation.Cache">
    <option name="lastTrimTime" value="1749187855036" />
  </component>
  <component name="Translation.Settings">
    <option name="primaryLanguage" value="ENGLISH" />
    <option name="translateDocumentation" value="true" />
    <option name="ttsEngine" value="GOOGLE" />
  </component>
  <component name="Translation.States">
    <histories>
      <item value="豆類" />
      <item value="大豆" />
      <item value="水稲類" />
      <item value="専用種" />
      <item value="飼料用米" />
      <item value="白ねぎ" />
      <item value="その他" />
      <item value="- 本リポジトリでは、データ基盤開発における各モジュールをmonorepo構成で管理している - 202406現在では、「アクタバ」「デタバ」に対してデータ基盤からのデータ提供を実施している - それぞれのモジュールは「セクター」と呼んでおり、各セクターの呼び名や、セクター間の連携･相関は下記に示す" />
      <item value="Data-Platform Overview - 本リポジトリでは、データ基盤開発における各モジュールをmonorepo構成で管理している - 202406現在では、「アクタバ」「デタバ」に対してデータ基盤からのデータ提供を実施している - それぞれのモジュールは「セクター」と呼んでおり、各セクターの呼び名や、セクター間の連携･相関は下記に示す - [data-platform用語定義](https:docs.google.comspreadsheetsd1RmBLzjOz9MywxbsWGCWikMM7H0i68PXBBmeI2MJycVUeditgid=0) - 各セクターとpythonモジュールの関係はこちらを参照のこと。 - [[アクタバ] セクター･IOフロー図](https:www.notion.soI-O-9e88d5a21146453a896de152496fd96b) - [[アクタバ] セクター運用イメージ図](https:www.notion.sodefb11a8f49b42eda901e42e4250ccf5) - [[デタバ] セクター･IOフロー図](https:www.notion.soI-O-fbdc529cab2b4243965831357ed6e04a) - [[デタバ]セクター運用イメージ図](https:www.notion.so081a3ae41c594525b467db31ee547eef) - 開発規約に関しては、別途下記資料を参照のこと - [data-platform各種規約](.docsdata-platform各種規約.md) ローカル開発環境構築手順 前提 - VSCode - Docker Docker Compose - 便宜上、用意済のDocker Docker Compose環境の用意･案内をするが、ノーサポートを前提としてローカルマシン上での開発を実施しても構わない - 注意点：GeoPandasを利用したGeometry系の計算において、WindowsLinux環境間で浮動小数点で微小な誤差が発生するケースがあり、その場合はUTなどでassertが成立しないケースがある。その場合はDocker環境を正とすること Dockerコンテナの起動 プロジェクトルートにおいて ```shell docker-compose up -d --build [docker-compose.ymlに記述されている起動したいモジュール] ``` コンテナ内への遷移は任意の手法を利用すること ローカル環境からdev環境のRedshiftへ接続するための手順 1.SSHポートフォワーディング - For Mac and Linux ホストマシンで以下を実行. `your_ssh_config_name`は自身のssh configでの設定名に置き換えること。 - ホストからアクセスしたい時 ```shell ssh -fNL 5439:d-main-workgroup.977405485722.ap-northeast-1.redshift-serverless.amazonaws.com:5439 your_ssh_config_name ``` - コンテナからアクセスしたい時 上記に対して-gを追加。これがないとホスト側で0.0.0.0ではなく127.0.0.1にフォワーディングされてしまい、`host.docker.internal`でアクセスできなくなるため。 ```shell ssh -fNL 5439:d-main-workgroup.977405485722.ap-northeast-1.redshift-serverless.amazonaws.com:5439 your_ssh_config_name -g ``` - For Windows ホストマシンで以下を実行. `your_ssh_config_name`は自身のssh configでの設定名に置き換えること。 ```shell Start-Job { ssh -C -N -f -L 5439:d-main-workgroup.977405485722.ap-northeast-1.redshift-serverless.amazonaws.com:5439 your_ssh_config_name } ``` ssh processをkillする方法 ```shell tasklist FI &quot;IMAGENAME eq ssh.exe&quot; TASKKILL F PID &lt;PID&gt; ``` 2.コンテナからホストの5439にアクセスできるかの確認 ※linuxユーザーは特別な操作が必要なのでコンテナを立ち上げる前に先に'その他'を見ること。 コンテナに入る ```shell docker compose up app -d docker compose exec app bash ``` コンテナ内から以下を実行 ```shell curl http:host.docker.internal:5439 以下が返れば成功 curl: (52) Empty reply from server ``` その他 Linuxでは`host.docker.internal:xxxx`を名前解決できないので以下の作業を行う必要がある。 1. `docker-compose.override.copy.yml`をコピーして、`docker-compose.override.yml`として`docker-compose.yml`と同じ階層に配置. 2. コンテナを立ち上げ直す。 AWS認証情報のコンテナへの付与 [AWS access portal](https:sagri.awsapps.comstart?tab=accounts)から、データ基盤アカウントのAccess key情報をコピーし、コンテナ内のターミナルへ貼り付ける DEV環境実行手順 コンテナのECRへのPUSH [Makefile](.Makefile)を利用すること。 また、featureブランチからdevelopブランチへマージが完了すると、Github Actionsにより編集を実施したリポジトリのイメージは自動的にPUSHされる AWS Batchの実行 [boot_job.py](.toolsboot_job.py)を実行することで、DEV環境上の動作が出来る。詳細な使い方は当該ファイル内のコメントを参照のこと。 注意点：RedshiftにはPrimariKeyの制約が弱く、データ登録時にINSERTやCOPY時に多重でレコードが登録されることになる。DEV環境での実行は事前にチームに相談をしてから行う事 プロジェクト管理各リンク [Google Drive](https:drive.google.comdriveu1folders1NiN5JuSyjcKI9Lf30bw9pl_Z5pU_Y6F2) [JIRAボード](https:sagri.atlassian.netjirasoftwareprojectsSBIRDPboards18) - 左下部に、miroやdrawioなどその他リンク有 [Notion](https:www.notion.so5ccd96a0a9ff400688055765d40706c2?v=594ed09e0ac848b29b6a1375f7d1fffa)" />
      <item value="年の情報の取得方法は要検討" />
    </histories>
    <option name="languageScores">
      <map>
        <entry key="CHINESE_SIMPLIFIED" value="1" />
        <entry key="ENGLISH" value="9" />
        <entry key="JAPANESE" value="8" />
      </map>
    </option>
  </component>
</application>