<keymap version="1" name="macOS copy" parent="Mac OS X 10.5+">
  <action id="CommentByLineComment">
    <keyboard-shortcut first-keystroke="meta semicolon" />
  </action>
  <action id="EditorDecreaseFontSize">
    <keyboard-shortcut first-keystroke="ctrl right_parenthesis" />
  </action>
  <action id="EditorIncreaseFontSize">
    <keyboard-shortcut first-keystroke="ctrl minus" />
  </action>
  <action id="Git.Pull">
    <keyboard-shortcut first-keystroke="meta u" />
  </action>
  <action id="GotoSuperMethod" />
  <action id="GotoSymbol" />
  <action id="OptimizeImports">
    <keyboard-shortcut first-keystroke="ctrl alt o" />
    <keyboard-shortcut first-keystroke="meta alt o" />
  </action>
  <action id="org.intellij.plugins.markdown.ui.actions.styling.InsertImageAction" />
</keymap>